ID,NAME,LASTNAME,EMAIL,USERNAME,PASSWORD,city_id,document,documenttype_id,gender_id
26,Uriah,Gregory,UriahGregory@Outlook.com,UriahGregory26,AFN45QFK8ZJ,895,1095943361,1,1
27,Xyla,Carlson,XylaCarlson@Outlook.com,XylaCarlson27,MQE21AQS1RX,766,1095943390,1,2
28,Rajah,Salas,RajahSalas@Outlook.com,RajahSalas28,TII30APX1BV,911,1095948888,1,2
29,Alden,Lott,AldenLott@Outlook.com,AldenLott29,RPT51UBZ6RY,933,1095948263,1,2
30,Geoffrey,Baker,GeoffreyBaker@Outlook.com,GeoffreyBaker30,ZDU03RPK0EX,964,1095941725,1,2
31,Basil,Finley,BasilFinley@Outlook.com,BasilFinley31,BXF03OAT0AC,75,1095940398,1,2
32,Tad,Boyer,TadBoyer@Outlook.com,TadBoyer32,YRT58SUM2OZ,547,1095940441,1,2
33,Aphrodite,Bender,AphroditeBender@Outlook.com,AphroditeBender33,OLA83FPE2BT,1106,1095945718,1,1
34,Trevor,Joseph,TrevorJoseph@Outlook.com,TrevorJoseph34,TBY93OXH0UX,1030,1095945864,1,1
35,Valentine,Ochoa,ValentineOchoa@Outlook.com,ValentineOchoa35,IRM67UUH6ER,640,1095946866,1,2
36,Alvin,Raymond,AlvinRaymond@Outlook.com,AlvinRaymond36,UDB94MAU8GN,383,1095940917,1,1
37,Shelley,Campos,ShelleyCampos@Outlook.com,ShelleyCampos37,ESB89SQK2UC,257,1095943540,1,2
38,Carol,Middleton,CarolMiddleton@Outlook.com,CarolMiddleton38,GEB05AHL0RV,789,1095941247,1,2
39,Darrel,Downs,DarrelDowns@Outlook.com,DarrelDowns39,GYU14FJN4NV,1089,1095948264,1,2
40,Yuri,Mann,YuriMann@Outlook.com,YuriMann40,DCL44TIB5XY,387,1095943218,1,2
41,Acton,Bradley,ActonBradley@Outlook.com,ActonBradley41,ODV90AIK0WT,14,1095941549,1,2
42,Anika,Cannon,AnikaCannon@Outlook.com,AnikaCannon42,AWF52APU6LF,690,1095944785,1,1
43,Hilda,Perry,HildaPerry@Outlook.com,HildaPerry43,MAK79GPI0TE,840,1095948291,1,1
44,Colin,Herman,ColinHerman@Outlook.com,ColinHerman44,UEE37BLB7CL,172,1095946084,1,2
45,Blaine,Rosales,BlaineRosales@Outlook.com,BlaineRosales45,FKB51PRO3ED,146,1095948551,1,2
46,Aladdin,Burnett,AladdinBurnett@Outlook.com,AladdinBurnett46,RXH56KIL6NZ,333,1095944896,1,1
47,Chase,Clayton,ChaseClayton@Outlook.com,ChaseClayton47,FPH28ISE7QV,805,1095945041,1,1
48,Hilda,Mercer,HildaMercer@Outlook.com,HildaMercer48,QPV39BZL2QD,548,1095941823,1,2
49,Desiree,Love,DesireeLove@Outlook.com,DesireeLove49,AQA22SQB9PN,315,1095944654,1,1
50,Maite,Villarreal,MaiteVillarreal@Outlook.com,MaiteVillarreal50,MAK79GPI0TE,830,1095942973,1,2
